Count,Name,AN,AN-ANTA,AN-SL,FLOOR,HND,L.TOT,N°,N00,N01,OFFICE,TIP.COM,TIPO_PARETE,L.TOT.,L1,L2,L3,L4,L5,LV.0,LV.0_MANO,LV.0_NOTE,LV.1,LV.1_MANO,LV.1_NOTE,LV.2,LV.2_MANO,LV.2_NOTE,LV.3,LV.3_MANO,LV.3_NOTE,LV.4,LV.4_MANO,LV.4_NOTE,LV.5,LV.5_MANO,LV.5_NOTE,LV.6,LV.6_MANO,LV.6_NOTE,TAGLI
1,PF-CODIFICA-BLOCCO-LINEARE-R01,,,,14-CON-02,,,.,.,.,EL5,HB,S2G-41,2445.7553,603.2531,1809.2531,,,,H,SX,.,T012,I,.,T012,I,.,,,,,,,,,,L,DX,.,2
1,PF-CODIFICA-BLOCCO-LINEARE-R01,,,,14-CON-02,,,.,.,.,EL6,HB,S2G-41,898.0275,31.0000,478.0275,,,,L,SX,.,MR-POD,SX,.,T006,I,.,,,,,,,,,,H,DX,.,2
1,PF-CODIFICA-BLOCCO-LINEARE-R01,,,,14-CON-02,,,.,.,.,EL5,HB,S2G-41,3324.5031,831.2500,2493.2500,,,,H,SX,.,T012,I,.,T012,I,.,,,,,,,,,,H,DX,.,2
1,PF-CODIFICA-BLOCCO-LINEARE-R01,,,,14-CON-01,,,.,.,.,EL4,HB,S2G-41,1766.2437,420.2500,1260.2500,,,,H,SX,.,T006,I,.,T006,I,.,,,,,,,,,,H,DX,.,2
1,PF-CODIFICA-BLOCCO-LINEARE-R01,,,,14-CON-02,,,.,.,.,EL5,HB,S2G-41,1766.2437,505.9937,1345.9937,,,,H,SX,.,T006,I,.,T006,I,.,,,,,,,,,,H,DX,.,2
1,PF-CODIFICA-BLOCCO-LINEARE-R01,,,,14-CON-02,,,.,.,.,EL6,HA,S2G-41,2438.0000,415.0097,1219.0000,,,,H,SX,.,FORI M6 PASSO 381,I,.,T017-SUP,I,.,,,,,,,,,,H,DX,.,2
1,PF-CODIFICA-BLOCCO-LINEARE-R01,,,,14-CON-02,,,.,.,.,EL6,HA,S2G-41,814.0097,263.0097,367.0000,761.0300,,,H,SX,.,FORI M6 PASSO 381,I,.,T006-SUP,I,.,MR-POD,DX,.,,,,,,,L,DX,.,3
1,PF-CODIFICA-BLOCCO-LINEARE-R01,,,,14-CON-02,,,.,.,.,EL6,HA,S2G-41,898.0275,31.0000,170.0000,478.0275,,,L,SX,.,MR-POD,SX,.,FORI M6 PASSO 381,I,.,T006-SUP,I,.,,,,,,,H,DX,.,3
1,PF-CODIFICA-BLOCCO-LINEARE-R01,,,,14-CON-02,,,.,.,.,EL6,HB,S2G-41,2438.0000,1219.0000,,,,,H,SX,.,T017,I,.,,,,,,,,,,,,,H,DX,.,1
1,PF-CODIFICA-BLOCCO-LINEARE-R01,,,,14-CON-02,,,.,.,.,EL6,HB,S2G-41,814.0097,367.0000,761.0300,,,,H,SX,.,T006,I,.,MR-POD,DX,.,,,,,,,,,,L,DX,.,2
1,PF-CODIFICA-BLOCCO VERTICALI-R01,2864,.,.,14-HDL-03,.,.,V154,SENZA FERMAVETRI,.,EL17,MR-POD,2G(1SW),,,,,,,,,,,,,,,,,,,,,,,,,,,,
1,PF-CODIFICA-BLOCCO VERTICALI-R01,2864,.,.,14-HDL-03,.,.,V099,SENZA FERMAVETRI - SENZA TRACCIAMENTO,.,EL12,MR-POD,2G(1SW),,,,,,,,,,,,,,,,,,,,,,,,,,,,
1,PF-CODIFICA-BLOCCO VERTICALI-R01,2864,.,.,14-HDL-02,.,.,V154,SENZA FERMAVETRI,.,EL18,MR-POD,2G(1SW),,,,,,,,,,,,,,,,,,,,,,,,,,,,
1,PF-CODIFICA-BLOCCO VERTICALI-R01,2864,.,.,14-HDL-01,.,.,V154,SENZA FERMAVETRI,.,EL20,MR-POD,2G(1SW),,,,,,,,,,,,,,,,,,,,,,,,,,,,
1,PF-CODIFICA-BLOCCO VERTICALI-R01,2864,.,.,14-HDL-02,.,.,V154,SENZA FERMAVETRI,.,EL19,MR-POD,2G(1SW),,,,,,,,,,,,,,,,,,,,,,,,,,,,
1,PF-CODIFICA-BLOCCO-LINEARE-R01,,,,14-CON-01,,,.,.,.,EL4,HB,S2G-41,2445.7584,636.5084,1842.5084,,,,L,SX,.,T012,I,.,T012,I,.,,,,,,,,,,H,DX,.,2
1,PF-CODIFICA-BLOCCO-LINEARE-R01,,,,14-CON-01,,,.,.,.,EL4,HB,S2G-41,3324.5000,831.2500,2493.2500,,,,H,SX,.,T012,I,.,T012,I,.,,,,,,,,,,H,DX,.,2
1,PF-CODIFICA-BLOCCO VERTICALI-R01,2864,.,.,14-HDL-01,.,.,V099,SENZA FERMAVETRI - SENZA TRACCIAMENTO,.,EL16,MR-POD,2G(1SW),,,,,,,,,,,,,,,,,,,,,,,,,,,,
1,PF-CODIFICA-BLOCCO VERTICALI-R01,2864,.,.,14-HDL-03,.,.,V099,SENZA FERMAVETRI - SENZA TRACCIAMENTO,.,EL12,MR-POD,2G(1SW),,,,,,,,,,,,,,,,,,,,,,,,,,,,
1,PF-CODIFICA-BLOCCO VERTICALI-R01,2864,.,.,14-HDL-01,.,.,V099,SENZA FERMAVETRI - SENZA TRACCIAMENTO,.,EL16,MR-POD,2G(1SW),,,,,,,,,,,,,,,,,,,,,,,,,,,,
1,PF-CODIFICA-BLOCCO-LINEARE-R01,,,,14-CON-01,,,.,.,.,EL3,HB,S2G-41,814.0097,52.9796,447.0097,,,,L,SX,.,MR-POD,SX,.,T006,I,.,,,,,,,,,,H,DX,.,2
1,PF-CODIFICA-BLOCCO-LINEARE-R01,,,,14-CON-02,,,.,.,.,EL1,HA,2G(1SW),2284.4378,381.2239,871.7239,1412.7219,,,M1,SX,.,FORI M6 PASSO 381,I,.,M1,I,.,M1,I,.,,,,,,,M1,DX,.,3
1,PF-CODIFICA-BLOCCO-LINEARE-R01,,,,14-CON-01,,,.,.,.,EL2,HA,2G(1SW),3048.0004,381.2239,1524.0004,,,,M1,SX,.,FORI M6 PASSO 381,I,.,M1,I,.,,,,,,,,,,M1,DX,.,2
1,PF-CODIFICA-BLOCCO-LINEARE-R01,,,,14-CON-02,,,.,.,.,EL1,HA,2G(1SW),3048.0004,381.2239,1524.0004,,,,M1,SX,.,FORI M6 PASSO 381,I,.,M1,I,.,,,,,,,,,,M1,DX,.,2
1,PF-CODIFICA-BLOCCO-LINEARE-R01,,,,14-CON-02,,,.,.,.,EL5,HA,S2G-41,2445.7553,242.2515,432.7515,603.2531,813.7515,1809.2531,H,SX,.,FORI M6 PASSO 381,I,.,FORO DIAM 20 PASSANTE,I,.,FORO DIAM 20 PASSANTE,I,.,FORO DIAM 20 PASSANTE,I,.,T006-SUP,I,.,L,DX,.,5
1,PF-CODIFICA-BLOCCO-LINEARE-R01,,,,14-CON-02,,,.,.,FRESARE ANGOLO SX,EL1,HA,2G(1SW),3346.2799,284.0021,679.5038,822.2799,1122.2799,1822.2799,L,SX,.,MR-POD,SX,.,FORI M6 PASSO 381,I,.,PC,SX,.,Pmp,SX,.,PB,SX,.,M1,DX,.,5
1,PF-CODIFICA-BLOCCO-LINEARE-R01,,,,14-CON-01,,,.,.,.,EL2,HB,2G(1SW),3048.0004,762.0002,1524.0004,2286.0004,,,M1,SX,.,CBL,I,.,M1,I,.,CBL,I,.,,,,,,,M1,DX,.,3
1,PF-CODIFICA-BLOCCO-LINEARE-R01,,,,14-CON-02,,,.,.,FRESARE ANGOLO SX,EL1,HB,2G(1SW),822.2799,284.0021,568.1417,,,,L,SX,.,MR-POD,SX,.,CLB,I,.,,,,,,,,,,PC,DX,.,2
1,PF-CODIFICA-BLOCCO-LINEARE-R01,,,,14-CON-02,,,.,.,.,EL1,HB,2G(1SW),2284.4378,435.8619,871.7239,1412.7219,1848.5798,,M1,SX,.,CBL,I,.,M1,I,.,M1,I,.,CBL,I,.,,,,M1,DX,.,4
1,PF-CODIFICA-BLOCCO-LINEARE-R01,,,,14-CON-01,,,.,.,FRESARE ANGOLO DX,EL2,HA,2G(1SW),3346.2858,381.2239,1524.0004,2223.9993,2523.9993,3062.2774,M1,SX,.,FORI M6 PASSO 381,I,.,PB,DX,.,Pmp,DX,.,PC,DX,.,MR-POD,DX,.,L,DX,.,5
1,PF-CODIFICA-BLOCCO-LINEARE-R01,,,,14-CON-02,,,.,.,.,EL1,HB,2G(1SW),3048.0004,782.3505,1524.0004,2286.0004,,,M1,SX,.,CLB,I,.,M1,I,.,CBL,I,.,,,,,,,M1,DX,.,3
1,PF-CODIFICA-BLOCCO-LINEARE-R01,,,,14-CON-01,,,.,.,.,EL3,HA,S2G-41,2438.0000,117.9903,1219.0000,,,,H,SX,.,FORI M6 PASSO 381,I,.,T017-SUP,I,.,,,,,,,,,,H,DX,.,2
1,PF-CODIFICA-BLOCCO-LINEARE-R01,,,,14-CON-01,,,.,.,.,EL3,HA,S2G-41,898.0275,346.9903,420.0000,867.0275,,,H,SX,.,FORI M6 PASSO 381,I,.,T006-SUP,I,.,MR-POD,DX,.,,,,,,,L,DX,.,3
1,PF-CODIFICA-BLOCCO-LINEARE-R01,,,,14-CON-01,,,.,.,.,EL3,HA,S2G-41,814.0097,52.9796,170.0000,447.0097,,,L,SX,.,MR-POD,SX,.,FORI M6 PASSO 381,I,.,T006-SUP,I,.,,,,,,,H,DX,.,3
1,PF-CODIFICA-BLOCCO-LINEARE-R01,,,,14-CON-01,,,.,.,.,EL3,HB,S2G-41,2438.0000,1219.0000,,,,,H,SX,.,T017,I,.,,,,,,,,,,,,,H,DX,.,1
1,PF-CODIFICA-BLOCCO-LINEARE-R01,,,,14-CON-01,,,.,.,.,EL3,HB,S2G-41,898.0275,420.0000,867.0275,,,,H,SX,.,T006,I,.,MR-POD,DX,.,,,,,,,,,,L,DX,.,2
1,PF-CODIFICA-BLOCCO-LINEARE-R01,,,,14-CON-02,,,.,.,.,EL5,HA,S2G-41,1766.2437,505.9937,760.9984,1182.4984,1332.4984,1482.4984,H,SX,.,T006-SUP,I,.,FORI M6 PASSO 381,I,.,FORO DIAM 20 PASSANTE,I,.,FORO DIAM 20 PASSANTE,I,.,FORO DIAM 20 PASSANTE,I,.,H,DX,.,5
1,PF-CODIFICA-BLOCCO-LINEARE-R01,,,,14-CON-02,,,.,.,.,EL5,HA,S2G-41,3324.5031,137.7547,831.2500,2493.2500,,,H,SX,.,FORI M6 PASSO 381,I,.,T012-SUP,I,.,T012-SUP,I,.,,,,,,,H,DX,.,3
1,PF-CODIFICA-BLOCCO-LINEARE-R01,,,,14-CON-01,,,.,.,.,EL4,HA,S2G-41,1766.2437,243.2411,283.7411,433.7411,583.7411,1260.2500,H,SX,.,FORI M6 PASSO 381,I,.,FORO DIAM 20 PASSANTE,I,.,FORO DIAM 20 PASSANTE,I,.,FORO DIAM 20 PASSANTE,I,.,T006-SUP,I,.,H,DX,.,5
1,PF-CODIFICA-BLOCCO-LINEARE-R01,,,,14-CON-01,,,.,.,.,EL4,HA,S2G-41,2445.7584,298.4996,1631.9996,1842.4996,2012.9996,,L,SX,.,FORI M6 PASSO 381,I,.,FORO DIAM 20 PASSANTE,I,.,FORO DIAM 20 PASSANTE,I,.,FORO DIAM 20 PASSANTE,I,.,,,,H,DX,.,4
1,PF-CODIFICA-BLOCCO-LINEARE-R01,,,,14-CON-01,,,.,.,.,EL4,HA,S2G-41,3324.5000,519.7411,831.2500,2493.2500,,,H,SX,.,FORI M6 PASSO 381,I,.,T012-SUP,I,.,T012-SUP,I,.,,,,,,,H,DX,.,3
1,PF-CODIFICA-BLOCCO VERTICALI-R01,2864,.,.,14-CON-01,DX,.,V150,.,.,EL2,MR-POD,2G(1SW),,,,,,,,,,,,,,,,,,,,,,,,,,,,
1,PF-CODIFICA-BLOCCO VERTICALI-R01,2864,.,.,14-CON-02,SX,.,V152,.,.,EL1,M1,2G(1SW),,,,,,,,,,,,,,,,,,,,,,,,,,,,
1,PF-CODIFICA-BLOCCO VERTICALI-R01,2864,.,.,14-CON-02,SX,.,V150,.,.,EL1,MR-POD,2G(1SW),,,,,,,,,,,,,,,,,,,,,,,,,,,,
1,PF-CODIFICA-BLOCCO VERTICALI-R01,2864,.,.,14-CON-01,.,.,V149,.,.,EL2,M1+IRR,2G(1SW),,,,,,,,,,,,,,,,,,,,,,,,,,,,
1,PF-CODIFICA-BLOCCO VERTICALI-R01,2864,.,.,14-CON-01,.,.,V149,.,.,EL2,M1+IRR,2G(1SW),,,,,,,,,,,,,,,,,,,,,,,,,,,,
1,PF-CODIFICA-BLOCCO VERTICALI-R01,.,2864,.,14-HDL-02,SX,1000,P101-SW,H MANIGLIA DA TERRA: 965,.,EL10,HG,2G(1SW),,,,,,,,,,,,,,,,,,,,,,,,,,,,
1,PF-CODIFICA-BLOCCO VERTICALI-R01,.,2864,.,14-HDL-02,SX,.,V076,.,.,EL10,CSP-C,2G(1SW),,,,,,,,,,,,,,,,,,,,,,,,,,,,
1,PF-CODIFICA-BLOCCO VERTICALI-R01,2864,.,.,14-HDL-03,SX,.,V152,.,.,EL10,M1,2G(1SW),,,,,,,,,,,,,,,,,,,,,,,,,,,,
1,PF-CODIFICA-BLOCCO VERTICALI-R01,2864,.,.,14-CON-02,DX,.,V153,.,.,EL1,M1,2G(1SW),,,,,,,,,,,,,,,,,,,,,,,,,,,,
1,PF-CODIFICA-BLOCCO VERTICALI-R01,2864,.,.,14-HDL-02,SX,.,V152,.,.,EL9,M1,2G(1SW),,,,,,,,,,,,,,,,,,,,,,,,,,,,
1,PF-CODIFICA-BLOCCO VERTICALI-R01,.,2864,.,14-CON-02,SX,1000,P101-SW,H MANIGLIA DA TERRA: 965,.,EL1,HG,2G(1SW),,,,,,,,,,,,,,,,,,,,,,,,,,,,
1,PF-CODIFICA-BLOCCO VERTICALI-R01,.,2864,.,14-CON-02,SX,.,V076,.,.,EL1,CSP-C,2G(1SW),,,,,,,,,,,,,,,,,,,,,,,,,,,,
1,PF-CODIFICA-BLOCCO VERTICALI-R01,.,2864,.,14-CON-01,DX,.,V079,H MANIGLIA DA TERRA: 965,.,EL2,CSP-B,2G(1SW),,,,,,,,,,,,,,,,,,,,,,,,,,,,
1,PF-CODIFICA-BLOCCO VERTICALI-R01,.,2864,.,14-CON-01,DX,1000,P101-SW,H MANIGLIA DA TERRA: 965,.,EL2,HG,2G(1SW),,,,,,,,,,,,,,,,,,,,,,,,,,,,
1,PF-CODIFICA-BLOCCO VERTICALI-R01,.,2864,.,14-CON-01,DX,.,V078,.,.,EL2,CSP-C,2G(1SW),,,,,,,,,,,,,,,,,,,,,,,,,,,,
1,PF-CODIFICA-BLOCCO VERTICALI-R01,2864,.,.,14-CON-02,.,.,V149,.,.,EL1,M1+IRR,2G(1SW),,,,,,,,,,,,,,,,,,,,,,,,,,,,
1,PF-CODIFICA-BLOCCO VERTICALI-R01,2864,.,.,14-CON-01,.,.,V149,.,.,EL2,M1+IRR,2G(1SW),,,,,,,,,,,,,,,,,,,,,,,,,,,,
1,PF-CODIFICA-BLOCCO VERTICALI-R01,2864,.,.,14-CON-02,.,.,V149,.,.,EL1,M1+IRR,2G(1SW),,,,,,,,,,,,,,,,,,,,,,,,,,,,
1,PF-CODIFICA-BLOCCO VERTICALI-R01,.,2864,.,14-CON-02,SX,.,V077,H MANIGLIA DA TERRA: 965,.,EL1,CSP-B,2G(1SW),,,,,,,,,,,,,,,,,,,,,,,,,,,,
1,PF-CODIFICA-BLOCCO VERTICALI-R01,2864,.,.,14-CON-02,.,.,V149,.,.,EL1,M1+IRR,2G(1SW),,,,,,,,,,,,,,,,,,,,,,,,,,,,
1,PF-CODIFICA-BLOCCO VERTICALI-R01,.,2864,.,14-HDL-02,SX,.,V077,H MANIGLIA DA TERRA: 965,.,EL10,CSP-B,2G(1SW),,,,,,,,,,,,,,,,,,,,,,,,,,,,
1,PF-CODIFICA-BLOCCO VERTICALI-R01,2864,.,.,14-CON-02,.,.,V099,SENZA FERMAVETRI - SENZA TRACCIAMENTO,.,EL6,MR-POD,2G(1SW),,,,,,,,,,,,,,,,,,,,,,,,,,,,
1,PF-CODIFICA-BLOCCO VERTICALI-R01,2864,.,.,14-HDL-01,.,.,V154,SENZA FERMAVETRI,.,EL9,MR-POD,2G(1SW),,,,,,,,,,,,,,,,,,,,,,,,,,,,
1,PF-CODIFICA-BLOCCO VERTICALI-R01,2864,.,.,14-CON-02,.,.,V099,SENZA FERMAVETRI - SENZA TRACCIAMENTO,.,EL6,MR-POD,2G(1SW),,,,,,,,,,,,,,,,,,,,,,,,,,,,
1,PF-CODIFICA-BLOCCO VERTICALI-R01,2864,.,.,14-CON-01,.,.,V099,SENZA FERMAVETRI - SENZA TRACCIAMENTO,.,EL3,MR-POD,2G(1SW),,,,,,,,,,,,,,,,,,,,,,,,,,,,
1,PF-CODIFICA-BLOCCO VERTICALI-R01,2864,.,.,14-CON-01,.,.,V099,SENZA FERMAVETRI - SENZA TRACCIAMENTO,.,EL3,MR-POD,2G(1SW),,,,,,,,,,,,,,,,,,,,,,,,,,,,
1,PF-CODIFICA-BLOCCO VERTICALI-R01,2864,.,.,14-HDL-02,.,.,V099,SENZA FERMAVETRI - SENZA TRACCIAMENTO,.,EL18,MR-POD,2G(1SW),,,,,,,,,,,,,,,,,,,,,,,,,,,,
1,PF-CODIFICA-BLOCCO VERTICALI-R01,2864,.,.,14-HDL-03,.,.,V099,SENZA FERMAVETRI - SENZA TRACCIAMENTO,.,EL17,MR-POD,2G(1SW),,,,,,,,,,,,,,,,,,,,,,,,,,,,
1,PF-CODIFICA-BLOCCO VERTICALI-R01,2864,.,.,14-HDL-02,.,.,V099,SENZA FERMAVETRI - SENZA TRACCIAMENTO,.,EL19,MR-POD,2G(1SW),,,,,,,,,,,,,,,,,,,,,,,,,,,,
1,PF-CODIFICA-BLOCCO VERTICALI-R01,2864,.,.,14-HDL-03,DX,.,V150,.,.,EL11,MR-POD,2G(1SW),,,,,,,,,,,,,,,,,,,,,,,,,,,,
1,PF-CODIFICA-BLOCCO VERTICALI-R01,2864,.,.,14-HDL-01,.,.,V099,SENZA FERMAVETRI - SENZA TRACCIAMENTO,.,EL20,MR-POD,2G(1SW),,,,,,,,,,,,,,,,,,,,,,,,,,,,
1,PF-CODIFICA-BLOCCO VERTICALI-R01,.,2864,.,14-HDL-01,SX,1000,P101-SW,H MANIGLIA DA TERRA: 965,.,EL9,HG,2G(1SW),,,,,,,,,,,,,,,,,,,,,,,,,,,,
1,PF-CODIFICA-BLOCCO VERTICALI-R01,.,2864,.,14-HDL-01,SX,.,V076,.,.,EL9,CSP-C,2G(1SW),,,,,,,,,,,,,,,,,,,,,,,,,,,,
1,PF-CODIFICA-BLOCCO VERTICALI-R01,.,2864,.,14-HDL-03,SX,.,V077,H MANIGLIA DA TERRA: 965,.,EL11,CSP-B,2G(1SW),,,,,,,,,,,,,,,,,,,,,,,,,,,,
1,PF-CODIFICA-BLOCCO VERTICALI-R01,.,2864,.,14-HDL-03,SX,1000,P101-SW,H MANIGLIA DA TERRA: 965,.,EL11,HG,2G(1SW),,,,,,,,,,,,,,,,,,,,,,,,,,,,
1,PF-CODIFICA-BLOCCO VERTICALI-R01,.,2864,.,14-HDL-03,SX,.,V076,.,.,EL11,CSP-C,2G(1SW),,,,,,,,,,,,,,,,,,,,,,,,,,,,
1,PF-CODIFICA-BLOCCO VERTICALI-R01,2864,.,.,14-CON-02,.,.,V154,SENZA FERMAVETRI,.,EL8,MR-POD,2G(1SW),,,,,,,,,,,,,,,,,,,,,,,,,,,,
1,PF-CODIFICA-BLOCCO VERTICALI-R01,2864,.,.,14-CON-01,.,.,V154,SENZA FERMAVETRI,.,EL7,MR-POD,2G(1SW),,,,,,,,,,,,,,,,,,,,,,,,,,,,
1,PF-CODIFICA-BLOCCO VERTICALI-R01,2864,.,.,14-CON-01,.,.,V099,SENZA FERMAVETRI - SENZA TRACCIAMENTO,.,EL7,MR-POD,2G(1SW),,,,,,,,,,,,,,,,,,,,,,,,,,,,
1,PF-CODIFICA-BLOCCO VERTICALI-R01,.,2864,.,14-HDL-01,SX,.,V077,H MANIGLIA DA TERRA: 965,.,EL9,CSP-B,2G(1SW),,,,,,,,,,,,,,,,,,,,,,,,,,,,
1,PF-CODIFICA-BLOCCO VERTICALI-R01,2864,.,.,14-CON-02,.,.,V099,SENZA FERMAVETRI - SENZA TRACCIAMENTO,.,EL8,MR-POD,2G(1SW),,,,,,,,,,,,,,,,,,,,,,,,,,,,
1,PF-CODIFICA-BLOCCO-LINEARE-R01,,,,14-CON-02,,,.,.,FRESARE ANGOLO SX,EL1,HB,2G(1SW),1524.0000,744.1494,,,,,PB,SX,.,CLB,I,.,,,,,,,,,,,,,M1,DX,.,1
1,PF-CODIFICA-BLOCCO VERTICALI-R01,2864,.,.,14-HDL-04,.,.,V099,SENZA FERMAVETRI - SENZA TRACCIAMENTO,.,EL24,MR-POD,2G(1SW),,,,,,,,,,,,,,,,,,,,,,,,,,,,
1,PF-CODIFICA-BLOCCO VERTICALI-R01,2864,.,.,14-HDL-04,.,.,V099,SENZA FERMAVETRI - SENZA TRACCIAMENTO,.,EL22,MR-POD,2G(1SW),,,,,,,,,,,,,,,,,,,,,,,,,,,,
1,PF-CODIFICA-BLOCCO VERTICALI-R01,2864,.,.,14-HDL-04,.,.,V099,SENZA FERMAVETRI - SENZA TRACCIAMENTO,.,EL24,MR-POD,2G(1SW),,,,,,,,,,,,,,,,,,,,,,,,,,,,
1,PF-CODIFICA-BLOCCO VERTICALI-R01,.,2864,.,14-HDL-04,SX,.,V077,H MANIGLIA DA TERRA: 965,.,EL23,CSP-B,2G(1SW),,,,,,,,,,,,,,,,,,,,,,,,,,,,
1,PF-CODIFICA-BLOCCO VERTICALI-R01,2864,.,.,14-HDL-04,DX,.,V151,.,.,EL23,MR-POD,2G(1SW),,,,,,,,,,,,,,,,,,,,,,,,,,,,
1,PF-CODIFICA-BLOCCO-LINEARE-R01,,,,14-HDL-04,,,.,.,FRESARE ANGOLO DX (LAMIERA VIOLA),EL21,HA,2G(1SW),2384.6463,380.8401,1284.3431,1984.3431,2284.3431,2356.9401,M1,SX,.,FORI M6 PASSO 381,I,.,PB,DX,.,Pmp,DX,.,PC,DX,.,MR-POD,DX,.,DRITTO SPECIALE,DX,.,5
1,PF-CODIFICA-BLOCCO-LINEARE-R01,,,,14-HDL-04,,,.,.,.,EL21,HB,2G(1SW),1284.3431,642.1715,,,,,M1,SX,.,CBL,I,.,,,,,,,,,,,,,PB,DX,.,1
1,PF-CODIFICA-BLOCCO-LINEARE-R01,,,,14-HDL-04,,,.,.,FRESARE ANGOLO SX (LAMIERA VIOLA),EL21,HB,2G(1SW),3122.2406,59.9624,829.1013,2360.2404,,,DRITTO SPECIALE,SX,.,MR-POD,SX,.,CBL,I,.,CBL,I,.,,,,,,,M1,DX,.,3
1,PF-CODIFICA-BLOCCO VERTICALI-R01,2864,.,.,14-HDL-04,.,.,V099,SENZA FERMAVETRI - SENZA TRACCIAMENTO,.,EL22,MR-POD,2G(1SW),,,,,,,,,,,,,,,,,,,,,,,,,,,,
1,PF-CODIFICA-BLOCCO-LINEARE-R01,,,,14-HDL-04,,,.,.,FRESARE ANGOLO SX (LAMIERA VIOLA),EL21,HA,2G(1SW),3122.2406,59.9624,74.0807,,,,DRITTO SPECIALE,SX,.,MR-POD,SX,.,FORI M6 PASSO 381,I,.,,,,,,,,,,M1,DX,.,2
1,PF-CODIFICA-BLOCCO VERTICALI-R01,.,2864,.,14-HDL-04,DX,1000,P101-SW,H MANIGLIA DA TERRA: 965,.,EL21,HG,2G(1SW),,,,,,,,,,,,,,,,,,,,,,,,,,,,
1,PF-CODIFICA-BLOCCO VERTICALI-R01,.,2864,.,14-HDL-04,DX,.,V078,.,.,EL21,CSP-C,2G(1SW),,,,,,,,,,,,,,,,,,,,,,,,,,,,
1,PF-CODIFICA-BLOCCO VERTICALI-R01,2864,.,.,14-HDL-04,.,.,V149,.,.,EL23,M1+IRR,2G(1SW),,,,,,,,,,,,,,,,,,,,,,,,,,,,
1,PF-CODIFICA-BLOCCO VERTICALI-R01,2864,.,.,14-HDL-04,.,.,V149,.,.,EL21,M1+IRR,2G(1SW),,,,,,,,,,,,,,,,,,,,,,,,,,,,
1,PF-CODIFICA-BLOCCO VERTICALI-R01,2864,.,.,14-HDL-04,.,.,V149,.,.,EL23,M1+IRR,2G(1SW),,,,,,,,,,,,,,,,,,,,,,,,,,,,
1,PF-CODIFICA-BLOCCO VERTICALI-R01,.,2864,.,14-HDL-04,SX,1000,P101-SW,H MANIGLIA DA TERRA: 965,.,EL23,HG,2G(1SW),,,,,,,,,,,,,,,,,,,,,,,,,,,,
1,PF-CODIFICA-BLOCCO VERTICALI-R01,.,2864,.,14-HDL-04,SX,.,V076,.,.,EL23,CSP-C,2G(1SW),,,,,,,,,,,,,,,,,,,,,,,,,,,,
1,PF-CODIFICA-BLOCCO VERTICALI-R01,2864,.,.,14-HDL-04,SX,.,V150,.,.,EL21,MR-POD,2G(1SW),,,,,,,,,,,,,,,,,,,,,,,,,,,,
1,PF-CODIFICA-BLOCCO VERTICALI-R01,.,2864,.,14-HDL-04,DX,.,V079,H MANIGLIA DA TERRA: 965,.,EL21,CSP-B,2G(1SW),,,,,,,,,,,,,,,,,,,,,,,,,,,,
1,PF-CODIFICA-BLOCCO VERTICALI-R01,2864,.,.,14-HDL-04,.,.,V157,SENZA FERMAVETRI - SENZA HB (PARTE DA TERRA),.,EL21,MR-POD,2G(1SW),,,,,,,,,,,,,,,,,,,,,,,,,,,,
1,PF-CODIFICA-BLOCCO-LINEARE-R01,,,,14-HDL-04,,,.,.,FRESARE ANGOLO SX (LAMIERA VIOLA),EL23,HA,2G(1SW),2384.6463,27.7062,100.3032,400.3032,479.8062,1100.3032,DRITTO SPECIALE,SX,.,MR-POD,SX,.,PC,SX,.,Pmp,SX,.,FORI M6 PASSO 381,I,.,PB,SX,.,M1,DX,.,5
1,PF-CODIFICA-BLOCCO-LINEARE-R01,,,,14-HDL-04,,,.,.,.,EL22,HA,S2G-41,1951.0000,236.4544,991.5000,,,,G,SX,.,FORI M6 PASSO 381,I,.,T012-SUP,I,.,,,,,,,,,,G,DX,.,2
1,PF-CODIFICA-BLOCCO-LINEARE-R01,,,,14-HDL-04,,,.,.,.,EL22,HA,S2G-41,1951.0000,190.4544,959.5000,,,,G,SX,.,FORI M6 PASSO 381,I,.,T012-SUP,I,.,,,,,,,,,,G,DX,.,2
1,PF-CODIFICA-BLOCCO-LINEARE-R01,,,,14-HDL-04,,,.,.,.,EL22,HA,S2G-41,1624.4228,527.9229,551.4996,718.4229,908.9229,1009.4684,MR-POD,SX,FINE PEZZO,FORO DIAM 20 PASSANTE,I,.,T012-SUP,I,.,FORO DIAM 20 PASSANTE,I,.,FORO DIAM 20 PASSANTE,I,.,FORI M6 PASSO 381,I,.,G,DX,.,5
1,PF-CODIFICA-BLOCCO-LINEARE-R01,,,,14-HDL-04,,,.,.,.,EL24,HB,S2G-41,1624.9228,815.4232,,,,,G,SX,.,T012,I,.,,,,,,,,,,,,,MR-POD,DX,FINE PEZZO,1
1,PF-CODIFICA-BLOCCO-LINEARE-R01,,,,14-HDL-04,,,.,.,.,EL24,HB,S2G-41,1951.0000,959.5000,,,,,G,SX,.,T012,I,.,,,,,,,,,,,,,G,DX,.,1
1,PF-CODIFICA-BLOCCO-LINEARE-R01,,,,14-HDL-04,,,.,.,.,EL22,HB,S2G-41,1624.9228,1073.5000,,,,,G,SX,.,T012,I,.,,,,,,,,,,,,,MR-POD,DX,FINE PEZZO,1
1,PF-CODIFICA-BLOCCO-LINEARE-R01,,,,14-HDL-04,,,.,.,.,EL22,HB,S2G-41,1951.0000,959.5000,,,,,G,SX,.,T012,I,.,,,,,,,,,,,,,G,DX,.,1
1,PF-CODIFICA-BLOCCO-LINEARE-R01,,,,14-HDL-04,,,.,.,.,EL22,HB,S2G-41,1951.0000,991.5000,,,,,G,SX,.,T012,I,.,,,,,,,,,,,,,G,DX,.,1
1,PF-CODIFICA-BLOCCO-LINEARE-R01,,,,14-HDL-04,,,.,.,.,EL22,HA,S2G-41,1624.9228,145.0456,716.5000,907.0000,1073.5000,1097.5000,G,SX,.,FORI M6 PASSO 471,I,.,FORO DIAM 20 PASSANTE,I,.,FORO DIAM 20 PASSANTE,I,.,T012-SUP,I,.,FORO DIAM 20 PASSANTE,I,.,MR-POD,DX,FINE PEZZO,5
1,PF-CODIFICA-BLOCCO-LINEARE-R01,,,,14-HDL-04,,,.,.,.,EL22,HB,S2G-41,1624.4228,551.4996,,,,,MR-POD,SX,FINE PEZZO,T012,I,.,,,,,,,,,,,,,G,DX,.,1
1,PF-CODIFICA-BLOCCO-LINEARE-R01,,,,14-HDL-04,,,.,.,.,EL23,HB,2G(1SW),3122.2406,762.0002,2293.1393,3062.2782,,,M1,SX,.,CBL,I,.,CBL,I,.,MR-POD,DX,.,,,,,,,M1,DX,.,3
1,PF-CODIFICA-BLOCCO-LINEARE-R01,,,,14-HDL-04,,,.,.,.,EL24,HA,S2G-41,1624.4228,808.6449,908.6448,1099.1448,1289.6448,1479.8773,MR-POD,SX,FINE PEZZO,T012-SUP,I,.,FORO DIAM 20 PASSANTE,I,.,FORO DIAM 20 PASSANTE,I,.,FORO DIAM 20 PASSANTE,I,.,FORI M6 PASSO 381,I,.,G,DX,.,5
1,PF-CODIFICA-BLOCCO VERTICALI-R01,2864,.,.,14-HDL-04,.,.,V157,SENZA FERMAVETRI - SENZA HB (PARTE DA TERRA),.,EL23,MR-POD,2G(1SW),,,,,,,,,,,,,,,,,,,,,,,,,,,,
1,PF-CODIFICA-BLOCCO-LINEARE-R01,,,,14-HDL-04,,,.,.,.,EL23,HB,2G(1SW),1284.3431,642.1715,,,,,PB,SX,.,CBL,I,.,,,,,,,,,,,,,M1,DX,.,1
1,PF-CODIFICA-BLOCCO-LINEARE-R01,,,,14-HDL-04,,,.,.,FRESARE ANGOLO DX (LAMIERA VIOLA),EL23,HA,2G(1SW),3122.2406,381.1599,3062.2782,,,,DRITTO SPECIALE,SX,.,FORI M6 PASSO 381,I,.,MR-POD,DX,.,,,,,,,,,,DRITTO SPECIALE,DX,.,2
1,PF-CODIFICA-BLOCCO-LINEARE-R01,,,,14-HDL-04,,,.,.,.,EL24,HB,S2G-41,1624.4228,808.6449,,,,,MR-POD,SX,FINE PEZZO,T012,I,.,,,,,,,,,,,,,G,DX,.,1
1,PF-CODIFICA-BLOCCO-LINEARE-R01,,,,14-HDL-04,,,.,.,.,EL24,HB,S2G-41,1951.0000,991.5000,,,,,G,SX,.,T012,I,.,,,,,,,,,,,,,G,DX,.,1
1,PF-CODIFICA-BLOCCO-LINEARE-R01,,,,14-HDL-04,,,.,.,.,EL24,HA,S2G-41,1624.9228,144.4544,334.4233,524.9233,715.4233,815.4232,G,SX,.,FORI M6 PASSO 471,I,.,FORO DIAM 20 PASSANTE,I,.,FORO DIAM 20 PASSANTE,I,.,FORO DIAM 20 PASSANTE,I,.,T012-SUP,I,.,MR-POD,DX,FINE PEZZO,5
1,PF-CODIFICA-BLOCCO-LINEARE-R01,,,,14-HDL-04,,,.,.,.,EL24,HA,S2G-41,1951.0000,236.4544,991.5000,,,,G,SX,.,FORI M6 PASSO 381,I,.,T012-SUP,I,.,,,,,,,,,,G,DX,.,2
1,PF-CODIFICA-BLOCCO-LINEARE-R01,,,,14-HDL-04,,,.,.,.,EL24,HA,S2G-41,1951.0000,190.4544,959.5000,,,,G,SX,.,FORI M6 PASSO 381,I,.,T012-SUP,I,.,,,,,,,,,,G,DX,.,2
1,PF-CODIFICA-BLOCCO-LINEARE-R01,,,,14-HDL-01,,,.,.,.,EL9,HA,2G(1SW),535.9987,,,,,,M1,SX,.,,,,,,,,,,,,,,,,G-18,DX,.,0
1,PF-CODIFICA-BLOCCO-LINEARE-R01,,,,14-HDL-02,,,.,.,.,EL10,HA,2G(1SW),3274.0014,300.0000,975.0000,975.0000,,,GPC,SX,.,Pmp,SX,.,PB,SX,.,FORI M6 PASSO 443,I,.,,,,,,,M1,DX,.,3
1,PF-CODIFICA-BLOCCO-LINEARE-R01,,,,14-HDL-01,,,.,.,FRESARE ANGOLO SX,EL9,HA,2G(1SW),3487.0020,139.5999,213.0007,513.0007,1188.0007,1188.0007,L,SX,.,MR-POD,SX,.,PC,SX,.,Pmp,SX,.,PB,SX,.,FORI M6 PASSO 443,SX,.,M1,DX,.,5
1,PF-CODIFICA-BLOCCO-LINEARE-R01,,,,14-HDL-01,,,.,.,.,EL16,HB,S2G-41,3233.9795,31.0021,599.1642,1645.6642,2651.6642,3180.9784,L,SX,.,MR-POD,SX,.,T006,I,.,T006,I,.,T006,I,.,MR-POD,DX,.,L,DX,.,5
1,PF-CODIFICA-BLOCCO-LINEARE-R01,,,,14-HDL-01,,,.,.,.,EL16,HA,S2G-41,3233.9795,31.0021,287.9721,1645.6642,2651.6642,3180.9784,L,SX,.,MR-POD,SX,.,FORI M6 PASSO 443,I,.,T006-SUP,I,.,T006-SUP,I,.,MR-POD,DX,.,L,DX,.,5
1,PF-CODIFICA-BLOCCO-LINEARE-R01,,,,14-HDL-01,,,.,.,.,EL9,HB,2G(1SW),2835.0000,664.5014,1814.0021,2299.0013,,,PB,SX,.,CBL,I,.,CBL,I,.,M1,I,.,,,,,,,PC,DX,.,3
1,PF-CODIFICA-BLOCCO-LINEARE-R01,,,,14-HDL-02,,,.,.,.,EL10,HB,2G(1SW),2835.0001,664.5014,1814.0021,2299.0013,,,PB,SX,.,CBL,I,.,CBL,I,.,M1,I,.,,,,,,,PC,DX,.,3
1,PF-CODIFICA-BLOCCO-LINEARE-R01,,,,14-HDL-01,,,.,.,FRESARE ANGOLO SX,EL9,HB,2G(1SW),213.0007,139.5999,,,,,L,SX,.,MR-POD,SX,.,,,,,,,,,,,,,.,.,.,1
1,PF-CODIFICA-BLOCCO-LINEARE-R01,,,,14-HDL-03,,,.,.,.,EL10,HA,2G(1SW),535.9987,,,,,,M1,SX,.,,,,,,,,,,,,,,,,G-18,DX,.,0
1,PF-CODIFICA-BLOCCO-LINEARE-R01,,,,14-HDL-03,,,.,.,FRESARE ANGOLO DX,EL11,HA,2G(1SW),3461.0014,300.0000,975.0000,975.0000,3177.0014,,GPC,SX,.,Pmp,SX,.,PB,SX,.,FORI M6 PASSO 443,I,.,MR-POD,DX,.,,,,L,DX,.,4
1,PF-CODIFICA-BLOCCO-LINEARE-R01,,,,14-HDL-03,,,.,.,.,EL13,HA,S2G-41,3726.4969,1172.4896,1393.9895,1836.9958,2279.9895,3035.5042,L,SX,.,FORI M6 PASSO 443,I,.,FORO DIAM 20 PASSANTE,I,.,FORO DIAM 20 PASSANTE,I,.,FORO DIAM 20 PASSANTE,I,.,T012-SUP,I,.,H,DX,.,5
1,PF-CODIFICA-BLOCCO-LINEARE-R01,,,,14-HDL-02,,,.,.,.,EL14,HB,S2G-41,3810.0000,691.0074,1905.0074,3119.0074,,,H,SX,.,T012,I,.,T012,I,.,T012,I,.,,,,,,,H,DX,.,3
1,PF-CODIFICA-BLOCCO-LINEARE-R01,,,,14-HDL-03,,,.,.,.,EL13,HB,S2G-41,3726.4969,638.4958,1836.9895,3035.5042,,,L,SX,.,T012,I,.,T012,I,.,T012,I,.,,,,,,,H,DX,.,3
1,PF-CODIFICA-BLOCCO-LINEARE-R01,,,,14-CON-01,,,.,.,.,EL2,HB,2G(1SW),1524.0004,762.0002,,,,,M1,SX,.,CBL,I,.,,,,,,,,,,,,,PB,DX,.,1
1,PF-CODIFICA-BLOCCO-LINEARE-R01,,,,14-CON-01,,,.,.,.,EL2,HB,2G(1SW),822.2865,273.4550,538.2781,,,,PC,SX,.,CBL,I,.,MR-POD,DX,.,,,,,,,,,,L,DX,.,2
1,PF-CODIFICA-BLOCCO-LINEARE-R01,,,,14-HDL-03,,,.,.,.,EL12,HB,S2G-41,3233.9795,52.9793,304.4795,1574.9795,2897.9795,3202.9774,L,SX,.,MR-POD,SX,.,T02/4,I,.,T012,I,.,T02/4,I,.,MR-POD,DX,.,L,DX,.,5
1,PF-CODIFICA-BLOCCO-LINEARE-R01,,,,14-HDL-03,,,.,.,.,EL12,HA,S2G-41,3233.9795,52.9793,287.9721,1574.9795,2897.9795,3202.9774,L,SX,.,MR-POD,SX,.,FORI M6 PASSO 443,I,.,T012-SUP,I,.,T02/4-SUP,I,.,MR-POD,DX,.,L,DX,.,5
1,PF-CODIFICA-BLOCCO-LINEARE-R01,,,,14-HDL-01,,,.,.,.,EL15,HA,S2G-41,3757.5053,1240.4927,1461.9927,1904.9926,2347.9926,3119.0074,H,SX,.,FORI M6 PASSO 443,I,.,FORO DIAM 20 PASSANTE,I,.,FORO DIAM 20 PASSANTE,I,.,FORO DIAM 20 PASSANTE,I,.,T012-SUP,I,.,L,DX,.,5
1,PF-CODIFICA-BLOCCO-LINEARE-R01,,,,14-HDL-01,,,.,.,.,EL15,HB,S2G-41,3757.5053,691.0074,1905.0074,3119.0074,,,H,SX,.,T012,I,.,T012,I,.,T012,I,.,,,,,,,L,DX,.,3
1,PF-CODIFICA-BLOCCO-LINEARE-R01,,,,14-HDL-02,,,.,.,.,EL14,HA,S2G-41,3810.0000,1240.4927,1461.9927,1904.9926,2347.9926,3119.0074,H,SX,.,FORI M6 PASSO 443,I,.,FORO DIAM 20 PASSANTE,I,.,FORO DIAM 20 PASSANTE,I,.,FORO DIAM 20 PASSANTE,I,.,T012-SUP,I,.,H,DX,.,5
1,PF-CODIFICA-BLOCCO-LINEARE-R01,,,,14-HDL-03,,,.,.,.,EL11,HB,2G(1SW),2486.0014,615.2516,1716.2523,2202.0014,,,PB,SX,.,CBL,I,.,CBL,I,.,MR-POD,DX,.,,,,,,,L,DX,.,3
1,PF-CODIFICA-BLOCCO-LINEARE-R01,,,,14-CON-02,,,.,.,.,EL8,HA,S2G-41,2103.5991,409.5991,1311.0630,1993.4366,,,G,SX,.,FORI M6 PASSO 381,I,.,T012-SUP,I,.,MR-POD,DX,.,,,,,,,H-SPEC,DX,.,3
1,PF-CODIFICA-BLOCCO-LINEARE-R01,,,,14-CON-02,,,.,.,.,EL8,HB,S2G-41,2046.4380,52.9793,735.5010,,,,H-SPEC,SX,.,MR-POD,SX,.,T012,I,.,,,,,,,,,,G,DX,.,2
1,PF-CODIFICA-BLOCCO-LINEARE-R01,,,,14-CON-02,,,.,.,.,EL8,HA,S2G-41,2046.4380,52.9793,170.0372,735.5010,,,H-SPEC,SX,.,MR-POD,SX,.,FORI M6 PASSO 381,I,.,T012-SUP,I,.,,,,,,,G,DX,.,3
1,PF-CODIFICA-BLOCCO-LINEARE-R01,,,,14-CON-01,,,.,.,.,EL7,HB,S2G-41,2046.4380,52.9793,735.5010,,,,H-SPEC,SX,.,MR-POD,SX,.,T012,I,.,,,,,,,,,,G,DX,.,2
1,PF-CODIFICA-BLOCCO-LINEARE-R01,,,,14-CON-01,,,.,.,.,EL7,HB,S2G-41,2103.5991,1311.0630,1993.4366,,,,G,SX,.,T012,I,.,MR-POD,DX,.,,,,,,,,,,H-SPEC,DX,.,2
1,PF-CODIFICA-BLOCCO VERTICALI-R01,2864,.,.,14-HDL-03,.,.,V072,.,.,EL11,G1,2G(1SW),,,,,,,,,,,,,,,,,,,,,,,,,,,,
1,PF-CODIFICA-BLOCCO VERTICALI-R01,2864,.,.,14-HDL-04,.,.,V149,.,.,EL21,M1+IRR,2G(1SW),,,,,,,,,,,,,,,,,,,,,,,,,,,,
1,PF-CODIFICA-BLOCCO VERTICALI-R01,2864,.,.,14-HDL-02,.,.,V072,.,.,EL10,G1,2G(1SW),,,,,,,,,,,,,,,,,,,,,,,,,,,,
1,PF-CODIFICA-BLOCCO-LINEARE-R01,,,,14-CON-02,,,.,.,.,EL8,HB,S2G-41,2103.5991,1311.0630,1993.4366,,,,G,SX,.,T012,I,.,MR-POD,DX,.,,,,,,,,,,H-SPEC,DX,.,2
1,PF-CODIFICA-BLOCCO VERTICALI-R01,2864,.,.,14-HDL-01,.,.,V072,.,.,EL9,G1,2G(1SW),,,,,,,,,,,,,,,,,,,,,,,,,,,,
1,PF-CODIFICA-BLOCCO-LINEARE-R01,,,,14-HDL-01,,,.,.,.,EL20,HA,S2G-41,3233.9795,110.1646,287.9721,375.0000,1659.0000,3180.9784,H-SPEC,SX,.,MR-POD,SX,.,FORI M6 PASSO 443,I,.,T02/4-SUP,I,.,T012-SUP,I,.,MR-POD,DX,.,H-SPEC,DX,.,5
1,PF-CODIFICA-BLOCCO-LINEARE-R01,,,,14-HDL-02,,,.,.,.,EL17,HB,S2G-41,3233.9795,52.9793,582.3153,1588.3153,2594.3153,3123.8149,H-SPEC,SX,.,MR-POD,SX,.,T012,I,.,T012,I,.,T012,I,.,MR-POD,DX,.,H-SPEC,DX,.,5
1,PF-CODIFICA-BLOCCO-LINEARE-R01,,,,14-HDL-01,,,.,.,.,EL20,HB,S2G-41,3233.9795,110.1646,375.0000,1659.0000,2929.9894,3180.9784,H-SPEC,SX,.,MR-POD,SX,.,T02/4,I,.,T012,I,.,T012,I,.,MR-POD,DX,.,H-SPEC,DX,.,5
1,PF-CODIFICA-BLOCCO-LINEARE-R01,,,,14-HDL-01,,,.,.,.,EL19,HB,S2G-41,3233.9795,52.9793,582.3153,1588.3153,2594.3153,3123.8149,H-SPEC,SX,.,MR-POD,SX,.,T012,I,.,T012,I,.,T012,I,.,MR-POD,DX,.,H-SPEC,DX,.,5
1,PF-CODIFICA-BLOCCO-LINEARE-R01,,,,14-HDL-01,,,.,.,.,EL19,HA,S2G-41,3233.9795,52.9793,287.9721,582.3153,1588.3153,3123.8149,H-SPEC,SX,.,MR-POD,SX,.,FORI M6 PASSO 443,I,.,T012-SUP,I,.,T012-SUP,I,.,MR-POD,DX,.,H-SPEC,DX,.,5
1,PF-CODIFICA-BLOCCO-LINEARE-R01,,,,14-CON-01,,,.,.,.,EL7,HA,S2G-41,2046.4380,52.9793,170.0372,735.5010,,,H-SPEC,SX,.,MR-POD,SX,.,FORI M6 PASSO 381,I,.,T012-SUP,I,.,,,,,,,G,DX,.,3
1,PF-CODIFICA-BLOCCO-LINEARE-R01,,,,14-CON-01,,,.,.,.,EL7,HA,S2G-41,2103.5991,409.5991,1311.0630,1993.4366,,,G,SX,.,FORI M6 PASSO 381,I,.,T012-SUP,I,.,MR-POD,DX,.,,,,,,,H-SPEC,DX,.,3
1,PF-CODIFICA-BLOCCO-LINEARE-R01,,,,14-HDL-02,,,.,.,.,EL18,HA,S2G-41,3233.9795,110.1646,287.9721,375.0000,1659.0000,3180.9784,H-SPEC,SX,.,MR-POD,SX,.,FORI M6 PASSO 443,I,.,T02/4-SUP,I,.,T012-SUP,I,.,MR-POD,DX,.,H-SPEC,DX,.,5
1,PF-CODIFICA-BLOCCO-LINEARE-R01,,,,14-HDL-02,,,.,.,.,EL17,HA,S2G-41,3233.9795,52.9793,287.9721,582.3153,1588.3153,3123.8149,H-SPEC,SX,.,MR-POD,SX,.,FORI M6 PASSO 443,I,.,T012-SUP,I,.,T012-SUP,I,.,MR-POD,DX,.,H-SPEC,DX,.,5
1,PF-CODIFICA-BLOCCO-LINEARE-R01,,,,14-HDL-02,,,.,.,.,EL18,HB,S2G-41,3233.9795,110.1646,375.0000,1659.0000,2929.9894,3180.9784,H-SPEC,SX,.,MR-POD,SX,.,T02/4,I,.,T012,I,.,T012,I,.,MR-POD,DX,.,H-SPEC,DX,.,5
